RtACVmeUbY@gmx.test,milkacat
tymohvi4SB@gmx.test,milkacat
quuIcl6jsg@gmx.test,milkacat
yMTqu8Ck5M@gmx.test,milkacat
X21KCw5MGD@gmx.test,milkacat
UycYidQ3tL@gmx.test,milkacat
pxn3JLT32w@gmx.test,milkacat
Hwer0SODuq@gmx.test,milkacat
cMXOGiTSqF@gmx.test,milkacat
Hf8KRZ6hlu@gmx.test,milkacat
rBFK0aaUhN@gmx.test,milkacat
lBfk6Xm59Z@gmx.test,milkacat
UWNWNrcYDW@gmx.test,milkacat
s0C4zzbizh@gmx.test,milkacat
insea72kij@gmx.test,milkacat
FEOMbPgbOk@gmx.test,milkacat
BuRe8hF5N2@gmx.test,milkacat
mF2UUHQbU6@gmx.test,milkacat
XcYUfo7hhH@gmx.test,milkacat
